"1","Mrs. Heidi Padberg DVM","vmccullough@example.com","2021-03-18T12:12:46.000000Z","2016-07-09","2016-09-20","premium","","2021-03-18T12:12:52.000000Z","2021-03-18T12:12:52.000000Z"
"2","Annalise Kub Sr.","kborer@example.net","2021-03-18T12:12:46.000000Z","2013-12-24","2018-05-19","premium","","2021-03-18T12:12:52.000000Z","2021-03-18T12:12:52.000000Z"
"3","Felicity Mertz DDS","williamson.manuel@example.com","2021-03-18T12:12:46.000000Z","2018-09-26","2021-01-26","premium","","2021-03-18T12:12:52.000000Z","2021-03-18T12:12:52.000000Z"
"4","Brenden Doyle","tessie04@example.net","2021-03-18T12:12:47.000000Z","2017-06-22","2018-05-07","normal","","2021-03-18T12:12:52.000000Z","2021-03-18T12:12:52.000000Z"
"5","Jody Flatley","josianne.stoltenberg@example.org","2021-03-18T12:12:47.000000Z","2019-10-06","2019-12-04","premium","","2021-03-18T12:12:52.000000Z","2021-03-18T12:12:52.000000Z"
"6","Holly Schmitt","bradtke.lucio@example.com","2021-03-18T12:12:47.000000Z","2015-03-19","2017-04-11","premium","","2021-03-18T12:12:52.000000Z","2021-03-18T12:12:52.000000Z"
"7","Aric Gutkowski","tremblay.alejandrin@example.com","2021-03-18T12:12:47.000000Z","2017-05-20","2017-06-24","normal","","2021-03-18T12:12:52.000000Z","2021-03-18T12:12:52.000000Z"
"8","Kira Quitzon I","luther41@example.com","2021-03-18T12:12:47.000000Z","2012-08-27","2013-03-28","premium","","2021-03-18T12:12:52.000000Z","2021-03-18T12:12:52.000000Z"
"9","Dr. Daphney Wolff","destini.schamberger@example.com","2021-03-18T12:12:47.000000Z","2016-03-24","2019-12-12","normal","","2021-03-18T12:12:52.000000Z","2021-03-18T12:12:52.000000Z"
"10","Dr. Iliana Wunsch","witting.abigayle@example.net","2021-03-18T12:12:47.000000Z","2015-01-04","2016-08-06","premium","","2021-03-18T12:12:52.000000Z","2021-03-18T12:12:52.000000Z"
"11","Rowan Effertz","brandy34@example.org","2021-03-18T12:12:47.000000Z","2013-02-02","2015-04-19","normal","","2021-03-18T12:12:52.000000Z","2021-03-18T12:12:52.000000Z"
"12","Axel Weimann","xgerlach@example.org","2021-03-18T12:12:47.000000Z","2020-04-17","2020-06-24","premium","","2021-03-18T12:12:52.000000Z","2021-03-18T12:12:52.000000Z"
"13","Joanny Stamm","hobart.volkman@example.net","2021-03-18T12:12:47.000000Z","2011-06-26","2017-12-29","premium","","2021-03-18T12:12:52.000000Z","2021-03-18T12:12:52.000000Z"
"14","Savanah Rosenbaum","qleffler@example.org","2021-03-18T12:12:47.000000Z","2015-07-26","2017-04-26","premium","","2021-03-18T12:12:52.000000Z","2021-03-18T12:12:52.000000Z"
"15","Dr. Carson Heller","ervin.dickens@example.com","2021-03-18T12:12:47.000000Z","2015-05-29","2018-08-10","normal","","2021-03-18T12:12:52.000000Z","2021-03-18T12:12:52.000000Z"
"16","Marcelino Kuvalis","magdalena.miller@example.com","2021-03-18T12:12:47.000000Z","2011-04-29","2016-11-05","normal","","2021-03-18T12:12:52.000000Z","2021-03-18T12:12:52.000000Z"
"17","Cameron Schmidt","morar.pansy@example.com","2021-03-18T12:12:47.000000Z","2018-08-17","2019-11-02","premium","","2021-03-18T12:12:52.000000Z","2021-03-18T12:12:52.000000Z"
"18","Edmund Sipes DDS","golden.lueilwitz@example.net","2021-03-18T12:12:47.000000Z","2011-05-11","2013-06-25","premium","","2021-03-18T12:12:52.000000Z","2021-03-18T12:12:52.000000Z"
"19","Mr. Kelton Leuschke","cabernathy@example.net","2021-03-18T12:12:47.000000Z","2015-02-28","2019-12-13","premium","","2021-03-18T12:12:52.000000Z","2021-03-18T12:12:52.000000Z"
"20","Ms. Bernita Bode Sr.","alanna69@example.org","2021-03-18T12:12:47.000000Z","2013-02-02","2013-08-13","premium","","2021-03-18T12:12:52.000000Z","2021-03-18T12:12:52.000000Z"
"21","Dr. Kory Stokes II","zdouglas@example.net","2021-03-18T12:12:47.000000Z","2011-10-26","2018-07-02","normal","","2021-03-18T12:12:52.000000Z","2021-03-18T12:12:52.000000Z"
"22","Titus Cruickshank","haylee41@example.com","2021-03-18T12:12:47.000000Z","2019-11-05","2020-06-24","premium","","2021-03-18T12:12:52.000000Z","2021-03-18T12:12:52.000000Z"
"23","Merlin White","pcarroll@example.net","2021-03-18T12:12:48.000000Z","2017-05-18","2018-01-16","premium","","2021-03-18T12:12:52.000000Z","2021-03-18T12:12:52.000000Z"
"24","Alta O'Conner","hayes.maida@example.org","2021-03-18T12:12:48.000000Z","2017-03-14","2019-02-26","premium","","2021-03-18T12:12:52.000000Z","2021-03-18T12:12:52.000000Z"
"25","Dedrick Blanda","hester02@example.org","2021-03-18T12:12:48.000000Z","2018-07-29","2019-04-29","normal","","2021-03-18T12:12:52.000000Z","2021-03-18T12:12:52.000000Z"
"26","Olga Dooley","marlee.bogisich@example.com","2021-03-18T12:12:48.000000Z","2019-05-27","2019-07-30","premium","","2021-03-18T12:12:52.000000Z","2021-03-18T12:12:52.000000Z"
"27","Jaron Monahan Jr.","nweimann@example.com","2021-03-18T12:12:48.000000Z","2014-01-08","2018-12-03","premium","","2021-03-18T12:12:52.000000Z","2021-03-18T12:12:52.000000Z"
"28","Prof. Maxime Ondricka","malvina.douglas@example.org","2021-03-18T12:12:48.000000Z","2012-01-03","2012-09-11","normal","","2021-03-18T12:12:52.000000Z","2021-03-18T12:12:52.000000Z"
"29","Faustino Barrows","qbrekke@example.com","2021-03-18T12:12:48.000000Z","2016-07-09","2019-07-17","premium","","2021-03-18T12:12:52.000000Z","2021-03-18T12:12:52.000000Z"
"30","Betty Goyette","vgrimes@example.net","2021-03-18T12:12:48.000000Z","2013-06-10","2015-07-09","premium","","2021-03-18T12:12:52.000000Z","2021-03-18T12:12:52.000000Z"
"31","Bret Leffler","merle42@example.net","2021-03-18T12:12:48.000000Z","2011-09-19","2020-07-21","normal","","2021-03-18T12:12:52.000000Z","2021-03-18T12:12:52.000000Z"
"32","Evie Blanda","collins.lula@example.net","2021-03-18T12:12:48.000000Z","2014-01-22","2020-04-04","normal","","2021-03-18T12:12:52.000000Z","2021-03-18T12:12:52.000000Z"
"33","Jeanette Ledner","xlindgren@example.com","2021-03-18T12:12:48.000000Z","2011-12-14","2015-12-29","premium","","2021-03-18T12:12:52.000000Z","2021-03-18T12:12:52.000000Z"
"34","Amanda Johnston","dwaters@example.com","2021-03-18T12:12:48.000000Z","2013-04-28","2016-05-03","premium","","2021-03-18T12:12:52.000000Z","2021-03-18T12:12:52.000000Z"
"35","Mckenzie Kiehn","wisoky.cortney@example.com","2021-03-18T12:12:48.000000Z","2020-06-01","2020-08-02","premium","","2021-03-18T12:12:52.000000Z","2021-03-18T12:12:52.000000Z"
"36","Garrett Cummerata","ivandervort@example.net","2021-03-18T12:12:48.000000Z","2019-04-05","2020-05-01","normal","","2021-03-18T12:12:52.000000Z","2021-03-18T12:12:52.000000Z"
"37","Zora Ondricka","fritz.robel@example.org","2021-03-18T12:12:48.000000Z","2019-03-15","2019-06-22","premium","","2021-03-18T12:12:52.000000Z","2021-03-18T12:12:52.000000Z"
"38","Bernie Marquardt","littel.ada@example.org","2021-03-18T12:12:48.000000Z","2016-12-29","2020-01-01","premium","","2021-03-18T12:12:52.000000Z","2021-03-18T12:12:52.000000Z"
"39","Zackery Schimmel","waelchi.adam@example.com","2021-03-18T12:12:48.000000Z","2018-04-28","2020-09-11","normal","","2021-03-18T12:12:52.000000Z","2021-03-18T12:12:52.000000Z"
"40","Rylee Schaden","adah20@example.net","2021-03-18T12:12:48.000000Z","2017-10-10","2020-09-14","premium","","2021-03-18T12:12:52.000000Z","2021-03-18T12:12:52.000000Z"
"41","Eulah Halvorson","jfranecki@example.com","2021-03-18T12:12:49.000000Z","2015-04-13","2016-11-15","normal","","2021-03-18T12:12:52.000000Z","2021-03-18T12:12:52.000000Z"
"42","Prof. Meaghan Koepp DVM","hkeebler@example.com","2021-03-18T12:12:49.000000Z","2015-09-24","2016-04-30","premium","","2021-03-18T12:12:52.000000Z","2021-03-18T12:12:52.000000Z"
"43","June Huels","tillman.koelpin@example.org","2021-03-18T12:12:49.000000Z","2014-11-03","2015-05-17","normal","","2021-03-18T12:12:52.000000Z","2021-03-18T12:12:52.000000Z"
"44","Miss Coralie Spinka Sr.","edgardo.rice@example.com","2021-03-18T12:12:49.000000Z","2020-10-23","2021-03-17","premium","","2021-03-18T12:12:52.000000Z","2021-03-18T12:12:52.000000Z"
"45","Mrs. Katlynn Boehm DDS","maiya74@example.com","2021-03-18T12:12:49.000000Z","2012-08-11","2017-06-29","normal","","2021-03-18T12:12:52.000000Z","2021-03-18T12:12:52.000000Z"
"46","Dr. Yazmin Roob","lueilwitz.newton@example.com","2021-03-18T12:12:49.000000Z","2012-04-26","2013-06-24","normal","","2021-03-18T12:12:52.000000Z","2021-03-18T12:12:52.000000Z"
"47","Hulda Homenick PhD","tjohns@example.net","2021-03-18T12:12:49.000000Z","2011-12-04","2014-04-14","premium","","2021-03-18T12:12:52.000000Z","2021-03-18T12:12:52.000000Z"
"48","Stephon Wolff V","kaleigh16@example.org","2021-03-18T12:12:49.000000Z","2014-02-06","2016-07-11","premium","","2021-03-18T12:12:52.000000Z","2021-03-18T12:12:52.000000Z"
"49","Erna Wiegand","aric49@example.org","2021-03-18T12:12:49.000000Z","2015-08-19","2020-10-14","normal","","2021-03-18T12:12:52.000000Z","2021-03-18T12:12:52.000000Z"
"50","Alan Considine","wehner.ahmed@example.org","2021-03-18T12:12:49.000000Z","2019-06-27","2020-05-16","normal","","2021-03-18T12:12:52.000000Z","2021-03-18T12:12:52.000000Z"
"51","Arno Hermann","adonis71@example.net","2021-03-18T12:12:49.000000Z","2018-09-03","2020-11-13","premium","","2021-03-18T12:12:52.000000Z","2021-03-18T12:12:52.000000Z"
"52","Dr. Amir Hintz","waelchi.jillian@example.org","2021-03-18T12:12:49.000000Z","2018-05-05","2020-12-25","premium","","2021-03-18T12:12:52.000000Z","2021-03-18T12:12:52.000000Z"
"53","Prof. Amber Schimmel IV","halvorson.kory@example.net","2021-03-18T12:12:49.000000Z","2013-08-27","2017-05-20","normal","","2021-03-18T12:12:52.000000Z","2021-03-18T12:12:52.000000Z"
"54","Mrs. Aubree Altenwerth","lmorissette@example.org","2021-03-18T12:12:49.000000Z","2019-12-08","2020-12-20","premium","","2021-03-18T12:12:52.000000Z","2021-03-18T12:12:52.000000Z"
"55","Prof. Amiya Satterfield","guido.cassin@example.net","2021-03-18T12:12:49.000000Z","2018-05-11","2019-11-24","premium","","2021-03-18T12:12:52.000000Z","2021-03-18T12:12:52.000000Z"
"56","Vinnie Daugherty","trace16@example.com","2021-03-18T12:12:49.000000Z","2017-07-11","2017-10-17","premium","","2021-03-18T12:12:52.000000Z","2021-03-18T12:12:52.000000Z"
"57","Miss Gerry Keebler V","xconnelly@example.com","2021-03-18T12:12:49.000000Z","2017-09-29","2020-08-26","normal","","2021-03-18T12:12:52.000000Z","2021-03-18T12:12:52.000000Z"
"58","Marjory Orn DVM","lindgren.rosella@example.org","2021-03-18T12:12:49.000000Z","2016-06-26","2019-07-31","normal","","2021-03-18T12:12:52.000000Z","2021-03-18T12:12:52.000000Z"
"59","Jennifer Graham","herta.windler@example.com","2021-03-18T12:12:50.000000Z","2015-05-30","2017-09-19","premium","","2021-03-18T12:12:52.000000Z","2021-03-18T12:12:52.000000Z"
"60","Geovany Breitenberg V","jacey85@example.com","2021-03-18T12:12:50.000000Z","2015-02-08","2016-09-21","normal","","2021-03-18T12:12:52.000000Z","2021-03-18T12:12:52.000000Z"
"61","Gust Larson Jr.","lueilwitz.vita@example.net","2021-03-18T12:12:50.000000Z","2015-04-11","2015-11-16","premium","","2021-03-18T12:12:52.000000Z","2021-03-18T12:12:52.000000Z"
"62","Korey Pollich","katheryn24@example.net","2021-03-18T12:12:50.000000Z","2012-06-16","2012-12-20","normal","","2021-03-18T12:12:52.000000Z","2021-03-18T12:12:52.000000Z"
"63","Caroline Hoppe","kozey.sunny@example.com","2021-03-18T12:12:50.000000Z","2017-07-16","2020-01-20","premium","","2021-03-18T12:12:52.000000Z","2021-03-18T12:12:52.000000Z"
"64","Hillary Heidenreich DVM","aklein@example.org","2021-03-18T12:12:50.000000Z","2017-11-02","2020-07-22","normal","","2021-03-18T12:12:52.000000Z","2021-03-18T12:12:52.000000Z"
"65","Lisandro Harris PhD","felicia99@example.com","2021-03-18T12:12:50.000000Z","2015-05-09","2017-07-14","premium","","2021-03-18T12:12:52.000000Z","2021-03-18T12:12:52.000000Z"
"66","Mr. Jaleel Wiegand","deanna.flatley@example.org","2021-03-18T12:12:50.000000Z","2015-08-17","2016-08-02","premium","","2021-03-18T12:12:52.000000Z","2021-03-18T12:12:52.000000Z"
"67","Dr. Gerda Schimmel","krowe@example.org","2021-03-18T12:12:50.000000Z","2015-07-27","2016-05-29","premium","","2021-03-18T12:12:52.000000Z","2021-03-18T12:12:52.000000Z"
"68","Raleigh Kohler","donnie42@example.org","2021-03-18T12:12:50.000000Z","2016-02-05","2018-09-22","premium","","2021-03-18T12:12:52.000000Z","2021-03-18T12:12:52.000000Z"
"69","Rylee Monahan","hermann.aylin@example.net","2021-03-18T12:12:50.000000Z","2012-11-06","2014-11-27","normal","","2021-03-18T12:12:52.000000Z","2021-03-18T12:12:52.000000Z"
"70","Prof. Stan Pfannerstill PhD","ayundt@example.org","2021-03-18T12:12:50.000000Z","2014-08-10","2017-04-24","normal","","2021-03-18T12:12:52.000000Z","2021-03-18T12:12:52.000000Z"
"71","Josie Harvey","nhaley@example.net","2021-03-18T12:12:50.000000Z","2013-07-24","2014-01-04","normal","","2021-03-18T12:12:52.000000Z","2021-03-18T12:12:52.000000Z"
"72","Karelle Champlin","kamryn.lindgren@example.org","2021-03-18T12:12:50.000000Z","2017-12-16","2019-11-27","premium","","2021-03-18T12:12:52.000000Z","2021-03-18T12:12:52.000000Z"
"73","Dovie Parisian","lue.kris@example.org","2021-03-18T12:12:50.000000Z","2021-01-21","2021-03-08","premium","","2021-03-18T12:12:52.000000Z","2021-03-18T12:12:52.000000Z"
"74","Mr. Kurt Tromp","bgleichner@example.net","2021-03-18T12:12:50.000000Z","2017-03-15","2018-03-17","normal","","2021-03-18T12:12:52.000000Z","2021-03-18T12:12:52.000000Z"
"75","Terrence Kilback","ratke.melvin@example.net","2021-03-18T12:12:50.000000Z","2015-06-23","2017-06-17","normal","","2021-03-18T12:12:52.000000Z","2021-03-18T12:12:52.000000Z"
"76","Mr. Terrill Herzog","ewell.thiel@example.com","2021-03-18T12:12:50.000000Z","2017-05-23","2019-04-02","normal","","2021-03-18T12:12:52.000000Z","2021-03-18T12:12:52.000000Z"
"77","Lelah Corkery","darius82@example.org","2021-03-18T12:12:51.000000Z","2012-06-13","2012-06-27","premium","","2021-03-18T12:12:52.000000Z","2021-03-18T12:12:52.000000Z"
"78","Kirstin Sawayn","jaden.hintz@example.com","2021-03-18T12:12:51.000000Z","2011-12-29","2016-12-13","premium","","2021-03-18T12:12:52.000000Z","2021-03-18T12:12:52.000000Z"
"79","Brannon Hudson PhD","rsanford@example.net","2021-03-18T12:12:51.000000Z","2015-03-28","2020-07-27","normal","","2021-03-18T12:12:52.000000Z","2021-03-18T12:12:52.000000Z"
"80","Bryana Weber","may94@example.com","2021-03-18T12:12:51.000000Z","2011-08-06","2017-11-08","normal","","2021-03-18T12:12:52.000000Z","2021-03-18T12:12:52.000000Z"
"81","Celine Moore","marshall.stehr@example.net","2021-03-18T12:12:51.000000Z","2016-06-29","2017-07-29","normal","","2021-03-18T12:12:52.000000Z","2021-03-18T12:12:52.000000Z"
"82","Dr. Christopher Dietrich DDS","zboncak.magdalena@example.com","2021-03-18T12:12:51.000000Z","2017-09-15","2020-03-04","normal","","2021-03-18T12:12:52.000000Z","2021-03-18T12:12:52.000000Z"
"83","Loma Swaniawski","gcrona@example.com","2021-03-18T12:12:51.000000Z","2013-03-08","2016-07-24","normal","","2021-03-18T12:12:52.000000Z","2021-03-18T12:12:52.000000Z"
"84","Wilma Streich MD","randi.thiel@example.com","2021-03-18T12:12:51.000000Z","2019-07-25","2020-10-16","normal","","2021-03-18T12:12:52.000000Z","2021-03-18T12:12:52.000000Z"
"85","Henry Kautzer DDS","gchristiansen@example.net","2021-03-18T12:12:51.000000Z","2016-03-20","2018-08-04","normal","","2021-03-18T12:12:52.000000Z","2021-03-18T12:12:52.000000Z"
"86","Ms. Kiana Dooley","balistreri.howard@example.org","2021-03-18T12:12:51.000000Z","2020-01-29","2020-05-14","normal","","2021-03-18T12:12:52.000000Z","2021-03-18T12:12:52.000000Z"
"87","Chelsey Bartoletti","aveum@example.org","2021-03-18T12:12:51.000000Z","2018-07-08","2020-12-14","normal","","2021-03-18T12:12:52.000000Z","2021-03-18T12:12:52.000000Z"
"88","Ike Muller","gene.goldner@example.net","2021-03-18T12:12:51.000000Z","2017-05-29","2020-09-16","normal","","2021-03-18T12:12:52.000000Z","2021-03-18T12:12:52.000000Z"
"89","Adela Boyle","dfay@example.net","2021-03-18T12:12:51.000000Z","2012-01-05","2016-12-15","premium","","2021-03-18T12:12:52.000000Z","2021-03-18T12:12:52.000000Z"
"90","Brain DuBuque V","elisabeth85@example.org","2021-03-18T12:12:51.000000Z","2012-09-06","2015-11-08","premium","","2021-03-18T12:12:52.000000Z","2021-03-18T12:12:52.000000Z"
"91","Susan Rowe","klocko.cicero@example.org","2021-03-18T12:12:51.000000Z","2015-10-13","2015-12-26","premium","","2021-03-18T12:12:52.000000Z","2021-03-18T12:12:52.000000Z"
"92","Dr. Ivah Zboncak PhD","macejkovic.adele@example.com","2021-03-18T12:12:51.000000Z","2018-07-23","2020-01-26","premium","","2021-03-18T12:12:52.000000Z","2021-03-18T12:12:52.000000Z"
"93","Nicholas Durgan","jmiller@example.net","2021-03-18T12:12:51.000000Z","2011-05-25","2016-04-10","normal","","2021-03-18T12:12:52.000000Z","2021-03-18T12:12:52.000000Z"
"94","Ashtyn Aufderhar","krystal.harber@example.com","2021-03-18T12:12:51.000000Z","2014-03-25","2018-03-21","normal","","2021-03-18T12:12:52.000000Z","2021-03-18T12:12:52.000000Z"
"95","Prof. Damaris Braun","kwehner@example.org","2021-03-18T12:12:51.000000Z","2019-04-22","2019-09-22","premium","","2021-03-18T12:12:52.000000Z","2021-03-18T12:12:52.000000Z"
"96","Mr. Ramiro Dickinson V","dagmar.gutkowski@example.net","2021-03-18T12:12:52.000000Z","2019-03-29","2019-10-14","normal","","2021-03-18T12:12:52.000000Z","2021-03-18T12:12:52.000000Z"
"97","Mrs. Maiya Walker","dubuque.gideon@example.org","2021-03-18T12:12:52.000000Z","2018-06-13","2018-12-18","premium","","2021-03-18T12:12:52.000000Z","2021-03-18T12:12:52.000000Z"
"98","Delpha Gleichner I","hoppe.emmanuel@example.net","2021-03-18T12:12:52.000000Z","2013-12-29","2020-03-02","normal","","2021-03-18T12:12:52.000000Z","2021-03-18T12:12:52.000000Z"
"99","Jonas Ferry","joesph.fritsch@example.net","2021-03-18T12:12:52.000000Z","2019-06-30","2020-07-16","normal","","2021-03-18T12:12:52.000000Z","2021-03-18T12:12:52.000000Z"
"100","Lucile Conroy","mose40@example.org","2021-03-18T12:12:52.000000Z","2011-12-24","2014-05-24","premium","","2021-03-18T12:12:52.000000Z","2021-03-18T12:12:52.000000Z"
"102","Marie","marie@example.com","","2021-03-18","2022-03-18","normal","","2021-03-18T13:53:36.000000Z","2021-03-18T13:53:36.000000Z"
