"1","Emilie Leuschke","junius83@example.net","2021-03-23T09:33:10.000000Z","2017-05-15","2018-04-03","normal","","2021-03-23T09:33:16.000000Z","2021-03-23T09:33:16.000000Z"
"2","Miss Edwina Dietrich","chaim.hessel@example.org","2021-03-23T09:33:10.000000Z","2021-03-04","2021-03-11","normal","","2021-03-23T09:33:16.000000Z","2021-03-23T09:33:16.000000Z"
"3","Xavier Muller","juana76@example.org","2021-03-23T09:33:10.000000Z","2011-12-09","2015-01-11","premium","","2021-03-23T09:33:16.000000Z","2021-03-23T09:33:16.000000Z"
"4","Sven Tillman","bridgette.schiller@example.org","2021-03-23T09:33:10.000000Z","2019-11-29","2020-09-14","normal","","2021-03-23T09:33:16.000000Z","2021-03-23T09:33:16.000000Z"
"5","Prof. Haleigh Kuvalis","geovany29@example.com","2021-03-23T09:33:10.000000Z","2014-01-18","2020-02-18","premium","","2021-03-23T09:33:16.000000Z","2021-03-23T09:33:16.000000Z"
"6","Margie Dicki","fadel.joy@example.com","2021-03-23T09:33:10.000000Z","2011-09-13","2019-11-04","premium","","2021-03-23T09:33:16.000000Z","2021-03-23T09:33:16.000000Z"
"7","Adela Weber","nkuhlman@example.net","2021-03-23T09:33:10.000000Z","2018-05-24","2019-08-16","normal","","2021-03-23T09:33:16.000000Z","2021-03-23T09:33:16.000000Z"
"8","Dr. Yoshiko Windler Jr.","arvilla43@example.net","2021-03-23T09:33:11.000000Z","2017-11-04","2017-11-22","premium","","2021-03-23T09:33:16.000000Z","2021-03-23T09:33:16.000000Z"
"9","Annabell Paucek","jadyn.roberts@example.org","2021-03-23T09:33:11.000000Z","2012-03-09","2012-08-13","premium","","2021-03-23T09:33:16.000000Z","2021-03-23T09:33:16.000000Z"
"10","Dr. Wiley Veum DDS","ines.dietrich@example.net","2021-03-23T09:33:11.000000Z","2015-10-20","2016-06-14","premium","","2021-03-23T09:33:16.000000Z","2021-03-23T09:33:16.000000Z"
"11","Roger Conroy","emard.lester@example.com","2021-03-23T09:33:11.000000Z","2013-12-24","2017-10-31","normal","","2021-03-23T09:33:16.000000Z","2021-03-23T09:33:16.000000Z"
"12","Billie Lockman","dakota.torp@example.com","2021-03-23T09:33:11.000000Z","2019-10-31","2019-12-15","normal","","2021-03-23T09:33:16.000000Z","2021-03-23T09:33:16.000000Z"
"13","Zelma Reichert V","jeffrey63@example.net","2021-03-23T09:33:11.000000Z","2011-04-08","2013-08-16","normal","","2021-03-23T09:33:16.000000Z","2021-03-23T09:33:16.000000Z"
"14","Genoveva Bechtelar","enos.rodriguez@example.com","2021-03-23T09:33:11.000000Z","2016-04-21","2017-10-22","normal","","2021-03-23T09:33:16.000000Z","2021-03-23T09:33:16.000000Z"
"15","Veronica Rice V","elisa00@example.net","2021-03-23T09:33:11.000000Z","2019-02-25","2020-11-25","normal","","2021-03-23T09:33:16.000000Z","2021-03-23T09:33:16.000000Z"
"16","Prof. Theo Kshlerin","marisa69@example.com","2021-03-23T09:33:11.000000Z","2018-03-22","2020-05-26","normal","","2021-03-23T09:33:16.000000Z","2021-03-23T09:33:16.000000Z"
"17","Nellie Swift","hope.corwin@example.org","2021-03-23T09:33:11.000000Z","2018-04-19","2020-08-01","normal","","2021-03-23T09:33:16.000000Z","2021-03-23T09:33:16.000000Z"
"18","Mr. Obie Brekke","sam99@example.org","2021-03-23T09:33:11.000000Z","2019-04-08","2019-10-24","premium","","2021-03-23T09:33:16.000000Z","2021-03-23T09:33:16.000000Z"
"19","Marcella Moen","deondre.bruen@example.org","2021-03-23T09:33:11.000000Z","2020-10-26","2020-11-16","premium","","2021-03-23T09:33:16.000000Z","2021-03-23T09:33:16.000000Z"
"20","Colten Ferry Sr.","wkoch@example.net","2021-03-23T09:33:11.000000Z","2019-07-04","2020-07-05","normal","","2021-03-23T09:33:16.000000Z","2021-03-23T09:33:16.000000Z"
"21","Mr. Blaze Jacobs","emard.ansley@example.net","2021-03-23T09:33:11.000000Z","2018-06-03","2019-12-27","premium","","2021-03-23T09:33:16.000000Z","2021-03-23T09:33:16.000000Z"
"22","Marcellus Stamm","natalie91@example.com","2021-03-23T09:33:11.000000Z","2013-02-12","2020-10-20","normal","","2021-03-23T09:33:16.000000Z","2021-03-23T09:33:16.000000Z"
"23","Mr. Aiden Heller","zgrady@example.net","2021-03-23T09:33:11.000000Z","2016-05-31","2019-09-16","premium","","2021-03-23T09:33:16.000000Z","2021-03-23T09:33:16.000000Z"
"24","Jewell Jakubowski","marielle.kuphal@example.org","2021-03-23T09:33:11.000000Z","2012-03-03","2017-10-31","premium","","2021-03-23T09:33:16.000000Z","2021-03-23T09:33:16.000000Z"
"25","Rico Reichel","alycia58@example.com","2021-03-23T09:33:11.000000Z","2014-01-05","2017-10-14","normal","","2021-03-23T09:33:16.000000Z","2021-03-23T09:33:16.000000Z"
"26","Kari Russel","sister.beier@example.org","2021-03-23T09:33:12.000000Z","2012-06-23","2014-02-08","premium","","2021-03-23T09:33:16.000000Z","2021-03-23T09:33:16.000000Z"
"27","Rebekah Aufderhar","joan45@example.com","2021-03-23T09:33:12.000000Z","2017-06-04","2017-06-08","premium","","2021-03-23T09:33:16.000000Z","2021-03-23T09:33:16.000000Z"
"28","Marta Mertz DVM","beatty.maya@example.org","2021-03-23T09:33:12.000000Z","2021-01-09","2021-03-21","premium","","2021-03-23T09:33:16.000000Z","2021-03-23T09:33:16.000000Z"
"29","Josefa Hayes Sr.","gaylord.prosacco@example.com","2021-03-23T09:33:12.000000Z","2014-01-09","2016-01-07","normal","","2021-03-23T09:33:16.000000Z","2021-03-23T09:33:16.000000Z"
"30","Emmett Kovacek PhD","javier52@example.org","2021-03-23T09:33:12.000000Z","2015-10-28","2015-12-28","premium","","2021-03-23T09:33:16.000000Z","2021-03-23T09:33:16.000000Z"
"31","Mr. Horacio Wisoky I","funk.jesse@example.net","2021-03-23T09:33:12.000000Z","2013-11-01","2019-09-18","premium","","2021-03-23T09:33:16.000000Z","2021-03-23T09:33:16.000000Z"
"32","Aliya Funk PhD","kemmer.bradford@example.org","2021-03-23T09:33:12.000000Z","2014-02-04","2021-02-21","premium","","2021-03-23T09:33:16.000000Z","2021-03-23T09:33:16.000000Z"
"33","Mr. Theo Hamill I","turner08@example.org","2021-03-23T09:33:12.000000Z","2012-09-18","2019-07-28","normal","","2021-03-23T09:33:16.000000Z","2021-03-23T09:33:16.000000Z"
"34","Haven Goodwin","jerome00@example.net","2021-03-23T09:33:12.000000Z","2013-01-08","2019-02-27","normal","","2021-03-23T09:33:16.000000Z","2021-03-23T09:33:16.000000Z"
"35","Rae Walsh DVM","lmueller@example.org","2021-03-23T09:33:12.000000Z","2016-10-23","2020-11-07","normal","","2021-03-23T09:33:16.000000Z","2021-03-23T09:33:16.000000Z"
"36","Prof. Willy Rath PhD","howell.grayce@example.net","2021-03-23T09:33:12.000000Z","2019-12-11","2020-08-06","premium","","2021-03-23T09:33:16.000000Z","2021-03-23T09:33:16.000000Z"
"37","Luella Pfannerstill","buckridge.queen@example.com","2021-03-23T09:33:12.000000Z","2019-01-29","2020-05-02","normal","","2021-03-23T09:33:16.000000Z","2021-03-23T09:33:16.000000Z"
"38","Judah Bruen","graciela.ziemann@example.net","2021-03-23T09:33:12.000000Z","2019-01-15","2019-07-24","premium","","2021-03-23T09:33:16.000000Z","2021-03-23T09:33:16.000000Z"
"39","Delilah Stanton I","ibarrows@example.org","2021-03-23T09:33:12.000000Z","2013-05-24","2017-06-23","premium","","2021-03-23T09:33:16.000000Z","2021-03-23T09:33:16.000000Z"
"40","Miss Asa Bahringer II","luis90@example.com","2021-03-23T09:33:12.000000Z","2017-06-24","2021-03-06","normal","","2021-03-23T09:33:16.000000Z","2021-03-23T09:33:16.000000Z"
"41","River Reichert","carissa.denesik@example.com","2021-03-23T09:33:12.000000Z","2018-04-03","2021-01-10","normal","","2021-03-23T09:33:16.000000Z","2021-03-23T09:33:16.000000Z"
"42","Verlie Pouros","cory84@example.com","2021-03-23T09:33:12.000000Z","2018-02-04","2019-07-29","premium","","2021-03-23T09:33:16.000000Z","2021-03-23T09:33:16.000000Z"
"43","Sigrid Gutmann","watson30@example.com","2021-03-23T09:33:12.000000Z","2018-05-31","2018-06-01","normal","","2021-03-23T09:33:16.000000Z","2021-03-23T09:33:16.000000Z"
"44","Dr. Kip Upton Jr.","cecile.braun@example.com","2021-03-23T09:33:12.000000Z","2019-07-17","2020-08-05","premium","","2021-03-23T09:33:16.000000Z","2021-03-23T09:33:16.000000Z"
"45","Leslie Dare","princess37@example.net","2021-03-23T09:33:13.000000Z","2014-02-13","2018-12-17","premium","","2021-03-23T09:33:16.000000Z","2021-03-23T09:33:16.000000Z"
"46","Dr. Vivian Ullrich Jr.","kessler.shayne@example.com","2021-03-23T09:33:13.000000Z","2011-10-19","2012-04-04","premium","","2021-03-23T09:33:16.000000Z","2021-03-23T09:33:16.000000Z"
"47","Ramiro Haley","octavia.kessler@example.com","2021-03-23T09:33:13.000000Z","2013-05-10","2013-10-24","premium","","2021-03-23T09:33:16.000000Z","2021-03-23T09:33:16.000000Z"
"48","Elda Adams","lillian70@example.com","2021-03-23T09:33:13.000000Z","2015-07-07","2021-01-19","normal","","2021-03-23T09:33:16.000000Z","2021-03-23T09:33:16.000000Z"
"49","Mrs. Herminia Brakus","doyle.reuben@example.com","2021-03-23T09:33:13.000000Z","2019-08-21","2020-12-19","normal","","2021-03-23T09:33:16.000000Z","2021-03-23T09:33:16.000000Z"
"50","Karley McCullough","xyundt@example.net","2021-03-23T09:33:13.000000Z","2015-04-26","2021-01-29","normal","","2021-03-23T09:33:16.000000Z","2021-03-23T09:33:16.000000Z"
"51","Mertie Tremblay","reynold75@example.net","2021-03-23T09:33:13.000000Z","2012-01-24","2015-04-02","premium","","2021-03-23T09:33:16.000000Z","2021-03-23T09:33:16.000000Z"
"52","Nicolette Bogisich","veum.douglas@example.org","2021-03-23T09:33:13.000000Z","2016-06-12","2017-03-18","normal","","2021-03-23T09:33:16.000000Z","2021-03-23T09:33:16.000000Z"
"53","Armando Bauch","reilly.rae@example.net","2021-03-23T09:33:13.000000Z","2020-08-06","2021-02-04","premium","","2021-03-23T09:33:16.000000Z","2021-03-23T09:33:16.000000Z"
"54","Jess Barrows","jose.homenick@example.net","2021-03-23T09:33:13.000000Z","2015-04-14","2017-02-02","premium","","2021-03-23T09:33:16.000000Z","2021-03-23T09:33:16.000000Z"
"55","Palma Orn","ebeahan@example.net","2021-03-23T09:33:13.000000Z","2016-09-13","2019-04-10","premium","","2021-03-23T09:33:16.000000Z","2021-03-23T09:33:16.000000Z"
"56","Allan Upton","helena73@example.net","2021-03-23T09:33:13.000000Z","2013-01-10","2017-10-27","normal","","2021-03-23T09:33:16.000000Z","2021-03-23T09:33:16.000000Z"
"57","Prof. Iva Hauck","zachery.barrows@example.com","2021-03-23T09:33:13.000000Z","2019-06-28","2020-03-10","normal","","2021-03-23T09:33:16.000000Z","2021-03-23T09:33:16.000000Z"
"58","Brant Terry","ernesto.cummerata@example.net","2021-03-23T09:33:13.000000Z","2011-12-31","2013-06-03","premium","","2021-03-23T09:33:16.000000Z","2021-03-23T09:33:16.000000Z"
"59","Damaris Quigley","amani.parisian@example.net","2021-03-23T09:33:13.000000Z","2017-07-24","2020-02-16","premium","","2021-03-23T09:33:16.000000Z","2021-03-23T09:33:16.000000Z"
"60","Alexane Friesen","aaron.larson@example.org","2021-03-23T09:33:13.000000Z","2018-11-03","2020-12-29","premium","","2021-03-23T09:33:16.000000Z","2021-03-23T09:33:16.000000Z"
"61","Monica Dickens","aaron.hamill@example.com","2021-03-23T09:33:13.000000Z","2020-12-15","2021-03-12","premium","","2021-03-23T09:33:16.000000Z","2021-03-23T09:33:16.000000Z"
"62","Leslie Runolfsson","gordon.conn@example.net","2021-03-23T09:33:13.000000Z","2016-01-05","2019-03-11","premium","","2021-03-23T09:33:16.000000Z","2021-03-23T09:33:16.000000Z"
"63","Francesca Kulas","bradtke.brennan@example.org","2021-03-23T09:33:14.000000Z","2017-08-12","2018-07-27","normal","","2021-03-23T09:33:16.000000Z","2021-03-23T09:33:16.000000Z"
"64","Ms. Alvina Boehm","shand@example.org","2021-03-23T09:33:14.000000Z","2015-04-29","2020-07-29","normal","","2021-03-23T09:33:16.000000Z","2021-03-23T09:33:16.000000Z"
"65","Veronica Labadie","imogene24@example.com","2021-03-23T09:33:14.000000Z","2014-10-17","2015-04-16","premium","","2021-03-23T09:33:16.000000Z","2021-03-23T09:33:16.000000Z"
"66","Rory Mueller","zstamm@example.org","2021-03-23T09:33:14.000000Z","2020-02-24","2020-04-10","premium","","2021-03-23T09:33:16.000000Z","2021-03-23T09:33:16.000000Z"
"67","Alysson Hane Jr.","wunsch.asha@example.net","2021-03-23T09:33:14.000000Z","2019-01-01","2021-01-08","premium","","2021-03-23T09:33:16.000000Z","2021-03-23T09:33:16.000000Z"
"68","Prof. Ryleigh Tremblay Sr.","delmer.abshire@example.com","2021-03-23T09:33:14.000000Z","2018-05-24","2018-11-09","premium","","2021-03-23T09:33:16.000000Z","2021-03-23T09:33:16.000000Z"
"69","Brandyn Stracke IV","asha53@example.net","2021-03-23T09:33:14.000000Z","2011-11-22","2013-05-09","premium","","2021-03-23T09:33:16.000000Z","2021-03-23T09:33:16.000000Z"
"70","Dr. Jasen Fay MD","clemmie.bernier@example.com","2021-03-23T09:33:14.000000Z","2020-07-31","2021-01-03","premium","","2021-03-23T09:33:16.000000Z","2021-03-23T09:33:16.000000Z"
"71","Dr. Maribel Berge III","crooks.grayson@example.net","2021-03-23T09:33:14.000000Z","2014-08-20","2014-12-13","premium","","2021-03-23T09:33:16.000000Z","2021-03-23T09:33:16.000000Z"
"72","Alexander Toy","kieran57@example.com","2021-03-23T09:33:14.000000Z","2018-06-18","2018-08-07","premium","","2021-03-23T09:33:16.000000Z","2021-03-23T09:33:16.000000Z"
"73","Winifred Trantow","stoltenberg.camryn@example.org","2021-03-23T09:33:14.000000Z","2014-12-17","2019-06-06","premium","","2021-03-23T09:33:16.000000Z","2021-03-23T09:33:16.000000Z"
"74","Gladys Abbott Jr.","balistreri.vernon@example.net","2021-03-23T09:33:14.000000Z","2011-03-28","2020-02-09","normal","","2021-03-23T09:33:16.000000Z","2021-03-23T09:33:16.000000Z"
"75","Vernon Kovacek","edison76@example.com","2021-03-23T09:33:14.000000Z","2012-04-15","2018-06-11","premium","","2021-03-23T09:33:16.000000Z","2021-03-23T09:33:16.000000Z"
"76","Dr. Darryl Kiehn","sprohaska@example.net","2021-03-23T09:33:14.000000Z","2014-12-15","2015-02-16","normal","","2021-03-23T09:33:16.000000Z","2021-03-23T09:33:16.000000Z"
"77","Estelle Langosh","agrimes@example.com","2021-03-23T09:33:14.000000Z","2011-12-26","2017-09-23","premium","","2021-03-23T09:33:16.000000Z","2021-03-23T09:33:16.000000Z"
"78","Anna Okuneva","aschiller@example.com","2021-03-23T09:33:14.000000Z","2017-07-18","2021-02-10","premium","","2021-03-23T09:33:16.000000Z","2021-03-23T09:33:16.000000Z"
"79","Dorothy Quitzon","gianni99@example.org","2021-03-23T09:33:14.000000Z","2014-12-20","2019-11-11","premium","","2021-03-23T09:33:16.000000Z","2021-03-23T09:33:16.000000Z"
"80","Lorna Lakin","rau.alexandro@example.com","2021-03-23T09:33:14.000000Z","2012-09-08","2017-06-02","premium","","2021-03-23T09:33:16.000000Z","2021-03-23T09:33:16.000000Z"
"81","Chelsie Rice IV","kassandra.adams@example.com","2021-03-23T09:33:15.000000Z","2012-03-23","2013-03-20","premium","","2021-03-23T09:33:16.000000Z","2021-03-23T09:33:16.000000Z"
"82","Mrs. Adeline Graham","esawayn@example.com","2021-03-23T09:33:15.000000Z","2015-12-20","2020-09-12","normal","","2021-03-23T09:33:16.000000Z","2021-03-23T09:33:16.000000Z"
"83","Rosario Keebler","szemlak@example.com","2021-03-23T09:33:15.000000Z","2019-03-10","2020-01-02","premium","","2021-03-23T09:33:16.000000Z","2021-03-23T09:33:16.000000Z"
"84","Prof. Maci Pouros","cassidy.becker@example.com","2021-03-23T09:33:15.000000Z","2012-10-26","2015-08-01","normal","","2021-03-23T09:33:16.000000Z","2021-03-23T09:33:16.000000Z"
"85","Gerson Macejkovic","tania.veum@example.net","2021-03-23T09:33:15.000000Z","2016-06-09","2020-02-16","premium","","2021-03-23T09:33:16.000000Z","2021-03-23T09:33:16.000000Z"
"86","Kyler Price","adaline.terry@example.net","2021-03-23T09:33:15.000000Z","2016-10-09","2021-01-03","normal","","2021-03-23T09:33:16.000000Z","2021-03-23T09:33:16.000000Z"
"87","Fiona Kuphal PhD","uchristiansen@example.net","2021-03-23T09:33:15.000000Z","2017-05-26","2020-04-03","normal","","2021-03-23T09:33:16.000000Z","2021-03-23T09:33:16.000000Z"
"88","Prof. Alexie Kohler","jaskolski.jovany@example.com","2021-03-23T09:33:15.000000Z","2011-09-15","2016-01-27","normal","","2021-03-23T09:33:16.000000Z","2021-03-23T09:33:16.000000Z"
"89","Cierra Bosco","dickens.eden@example.org","2021-03-23T09:33:15.000000Z","2019-10-29","2020-10-22","premium","","2021-03-23T09:33:16.000000Z","2021-03-23T09:33:16.000000Z"
"90","Dr. Helene Sauer V","omari.torp@example.com","2021-03-23T09:33:15.000000Z","2019-06-13","2020-12-10","normal","","2021-03-23T09:33:16.000000Z","2021-03-23T09:33:16.000000Z"
"91","Oscar Reinger DDS","olson.oswald@example.net","2021-03-23T09:33:15.000000Z","2014-06-09","2015-02-25","premium","","2021-03-23T09:33:16.000000Z","2021-03-23T09:33:16.000000Z"
"92","Mason Daniel","lauretta50@example.org","2021-03-23T09:33:15.000000Z","2013-12-28","2016-07-21","normal","","2021-03-23T09:33:16.000000Z","2021-03-23T09:33:16.000000Z"
"93","Burley Gorczany","victor32@example.com","2021-03-23T09:33:15.000000Z","2015-08-11","2018-08-09","premium","","2021-03-23T09:33:16.000000Z","2021-03-23T09:33:16.000000Z"
"94","Rubye Gottlieb","stanley71@example.org","2021-03-23T09:33:15.000000Z","2013-12-27","2018-08-20","premium","","2021-03-23T09:33:16.000000Z","2021-03-23T09:33:16.000000Z"
"95","Viola Pfannerstill Sr.","jaquelin.marquardt@example.org","2021-03-23T09:33:15.000000Z","2015-05-04","2016-07-12","premium","","2021-03-23T09:33:16.000000Z","2021-03-23T09:33:16.000000Z"
"96","Robert Roob","jnicolas@example.com","2021-03-23T09:33:15.000000Z","2015-05-05","2017-11-24","normal","","2021-03-23T09:33:16.000000Z","2021-03-23T09:33:16.000000Z"
"97","Cordell Torp","king.dalton@example.net","2021-03-23T09:33:15.000000Z","2011-08-29","2015-08-27","premium","","2021-03-23T09:33:16.000000Z","2021-03-23T09:33:16.000000Z"
"98","Danika Greenholt","lina.cassin@example.org","2021-03-23T09:33:15.000000Z","2014-10-02","2015-01-05","premium","","2021-03-23T09:33:16.000000Z","2021-03-23T09:33:16.000000Z"
"99","Rozella Renner","afranecki@example.net","2021-03-23T09:33:16.000000Z","2019-11-01","2020-02-10","premium","","2021-03-23T09:33:16.000000Z","2021-03-23T09:33:16.000000Z"
"100","Orion Prosacco","kay.borer@example.net","2021-03-23T09:33:16.000000Z","2018-09-09","2019-08-09","premium","","2021-03-23T09:33:16.000000Z","2021-03-23T09:33:16.000000Z"
